[{"model": "auth.user", "fields": {"password": "pbkdf2_sha256$1200000$PwDU7tHbDlO6bN8mKOGPaS$9+6Dl0Z2I0E5UqnGxVM36fl2Lkner51j1IyOuhGmZos=", "last_login": null, "is_superuser": true, "username": "admin", "first_name": "", "last_name": "", "email": "admin@example.com", "is_staff": true, "is_active": true, "date_joined": "2026-07-18T19:22:41.367Z", "groups": [], "user_permissions": []}}, {"model": "auth.user", "fields": {"password": "pbkdf2_sha256$1200000$76VsRyvHLWogSiKgaSsSEy$wwKE3r7/LyePk16h2Nm0w9CQ4DH0gdZ+YusIkCaWsUM=", "last_login": "2026-07-18T22:46:05.122Z", "is_superuser": true, "username": "pizzacone", "first_name": "", "last_name": "", "email": "jeuan.mitchell@gmail.com", "is_staff": true, "is_active": true, "date_joined": "2026-07-18T20:03:19.305Z", "groups": [], "user_permissions": []}}, {"model": "core.locationstop", "pk": 1, "fields": {"date": "2026-07-18", "start_time": "11:00:00", "end_time": "19:00:00", "name": "Downtown Farmers Market", "address": "200 Main St, Anytown, USA", "latitude": "39.781721", "longitude": "-89.650148", "image": "", "notes": "Look for the red tent by the fountain!", "map_url": "", "is_cancelled": false, "created_at": "2026-07-18T19:22:40.935Z"}}, {"model": "core.locationstop", "pk": 2, "fields": {"date": "2026-07-20", "start_time": "11:30:00", "end_time": "20:00:00", "name": "Riverside Food Truck Park", "address": "450 Riverside Dr, Anytown, USA", "latitude": "39.789200", "longitude": "-89.644500", "image": "", "notes": "", "map_url": "", "is_cancelled": false, "created_at": "2026-07-18T19:22:40.942Z"}}, {"model": "core.locationstop", "pk": 3, "fields": {"date": "2026-07-23", "start_time": "12:00:00", "end_time": "18:00:00", "name": "Oak Street Block Party", "address": "Oak St & 5th Ave, Anytown, USA", "latitude": "39.775300", "longitude": "-89.657900", "image": "", "notes": "Live music all afternoon.", "map_url": "", "is_cancelled": false, "created_at": "2026-07-18T19:22:40.948Z"}}, {"model": "core.locationstop", "pk": 4, "fields": {"date": "2026-07-27", "start_time": "11:00:00", "end_time": "19:00:00", "name": "Downtown Farmers Market", "address": "200 Main St, Anytown, USA", "latitude": "39.781721", "longitude": "-89.650148", "image": "", "notes": "", "map_url": "", "is_cancelled": false, "created_at": "2026-07-18T19:22:40.954Z"}}, {"model": "menu.category", "pk": 1, "fields": {"name": "Pizza Cones", "slug": "pizza-cones", "description": "Hot, fresh pizza baked right into a crispy cone.", "display_order": 1}}, {"model": "menu.category", "pk": 2, "fields": {"name": "Drinks", "slug": "drinks", "description": "Something cold to wash it down.", "display_order": 2}}, {"model": "menu.menuitem", "pk": 1, "fields": {"category": 1, "name": "Cheese", "slug": "cheese", "description": "Classic, creamy melted mozzarella cheese with zesty pizza sauce in a golden baked cone.", "price": "6.99", "image": "menu_items/cheese.jpg", "is_available": true, "is_featured": false, "calories": null, "display_order": 1, "created_at": "2026-07-18T19:22:40.210Z", "updated_at": "2026-07-18T19:22:40.218Z"}}, {"model": "menu.menuitem", "pk": 2, "fields": {"category": 1, "name": "Pepperoni", "slug": "pepperoni", "description": "Zesty pepperoni and gooey mozzarella cheese with zesty pizza sauce in every delicious bite.", "price": "7.99", "image": "menu_items/pepperoni.jpg", "is_available": true, "is_featured": false, "calories": null, "display_order": 2, "created_at": "2026-07-18T19:22:40.225Z", "updated_at": "2026-07-18T19:22:40.232Z"}}, {"model": "menu.menuitem", "pk": 3, "fields": {"category": 1, "name": "Italian Sausage", "slug": "italian-sausage", "description": "Savory Italian sausage and melted mozzarella cheese with zesty pizza sauce in our signature cone.", "price": "7.99", "image": "menu_items/italian-sausage.jpg", "is_available": true, "is_featured": false, "calories": null, "display_order": 3, "created_at": "2026-07-18T19:22:40.237Z", "updated_at": "2026-07-18T19:22:40.243Z"}}, {"model": "menu.menuitem", "pk": 4, "fields": {"category": 1, "name": "Veggie", "slug": "veggie", "description": "Fresh bell peppers, onions, olives, mushrooms, melted mozzarella cheese, and our zesty pizza sauce in a crispy cone.", "price": "7.99", "image": "menu_items/veggie.jpg", "is_available": true, "is_featured": false, "calories": null, "display_order": 4, "created_at": "2026-07-18T19:22:40.248Z", "updated_at": "2026-07-18T19:22:40.253Z"}}, {"model": "menu.menuitem", "pk": 5, "fields": {"category": 1, "name": "Meat Lovers", "slug": "meat-lovers", "description": "Loaded with pepperoni, Italian sausage, bacon, and melted mozzarella cheese with our zesty pizza sauce — our ultimate cone.", "price": "8.99", "image": "menu_items/meat-lovers.jpg", "is_available": true, "is_featured": false, "calories": null, "display_order": 5, "created_at": "2026-07-18T19:22:40.258Z", "updated_at": "2026-07-18T19:22:40.263Z"}}, {"model": "menu.menuitem", "pk": 6, "fields": {"category": 2, "name": "Frozen Lemonade", "slug": "frozen-lemonade", "description": "Frozen lemonade with real strawberries. Choose your fruit: strawberries, pineapples, or peaches.", "price": "4.49", "image": "menu_items/frozen-lemonade.jpg", "is_available": true, "is_featured": true, "calories": null, "display_order": 1, "created_at": "2026-07-18T19:22:40.269Z", "updated_at": "2026-07-18T19:22:40.273Z"}}, {"model": "menu.ingredient", "pk": 1, "fields": {"name": "Cone Shell", "unit": "each", "quantity_on_hand": "100.00", "reorder_threshold": "20.00", "cost_per_unit": null, "updated_at": "2026-07-18T19:22:40.278Z"}}, {"model": "menu.ingredient", "pk": 2, "fields": {"name": "Mozzarella Cheese", "unit": "oz", "quantity_on_hand": "400.00", "reorder_threshold": "50.00", "cost_per_unit": null, "updated_at": "2026-07-18T19:22:40.282Z"}}, {"model": "menu.ingredient", "pk": 3, "fields": {"name": "Pizza Sauce", "unit": "oz", "quantity_on_hand": "300.00", "reorder_threshold": "40.00", "cost_per_unit": null, "updated_at": "2026-07-18T19:22:40.307Z"}}, {"model": "menu.ingredient", "pk": 4, "fields": {"name": "Pepperoni", "unit": "oz", "quantity_on_hand": "150.00", "reorder_threshold": "25.00", "cost_per_unit": null, "updated_at": "2026-07-18T19:22:40.313Z"}}, {"model": "menu.ingredient", "pk": 5, "fields": {"name": "Italian Sausage", "unit": "oz", "quantity_on_hand": "150.00", "reorder_threshold": "25.00", "cost_per_unit": null, "updated_at": "2026-07-18T19:22:40.317Z"}}, {"model": "menu.ingredient", "pk": 6, "fields": {"name": "Bacon", "unit": "oz", "quantity_on_hand": "100.00", "reorder_threshold": "20.00", "cost_per_unit": null, "updated_at": "2026-07-18T19:22:40.322Z"}}, {"model": "menu.ingredient", "pk": 7, "fields": {"name": "Bell Peppers", "unit": "oz", "quantity_on_hand": "80.00", "reorder_threshold": "15.00", "cost_per_unit": null, "updated_at": "2026-07-18T19:22:40.328Z"}}, {"model": "menu.ingredient", "pk": 8, "fields": {"name": "Red Onions", "unit": "oz", "quantity_on_hand": "80.00", "reorder_threshold": "15.00", "cost_per_unit": null, "updated_at": "2026-07-18T19:22:40.335Z"}}, {"model": "menu.ingredient", "pk": 9, "fields": {"name": "Black Olives", "unit": "oz", "quantity_on_hand": "60.00", "reorder_threshold": "10.00", "cost_per_unit": null, "updated_at": "2026-07-18T19:22:40.340Z"}}, {"model": "menu.ingredient", "pk": 10, "fields": {"name": "Mushrooms", "unit": "oz", "quantity_on_hand": "60.00", "reorder_threshold": "10.00", "cost_per_unit": null, "updated_at": "2026-07-18T19:22:40.344Z"}}, {"model": "menu.ingredient", "pk": 11, "fields": {"name": "Frozen Lemonade Base", "unit": "oz", "quantity_on_hand": "200.00", "reorder_threshold": "30.00", "cost_per_unit": null, "updated_at": "2026-07-18T19:22:40.348Z"}}, {"model": "menu.ingredient", "pk": 12, "fields": {"name": "Strawberries", "unit": "oz", "quantity_on_hand": "100.00", "reorder_threshold": "20.00", "cost_per_unit": null, "updated_at": "2026-07-18T19:22:40.354Z"}}, {"model": "menu.menuitemingredient", "pk": 1, "fields": {"menu_item": 1, "ingredient": 1, "quantity_required": "1.00"}}, {"model": "menu.menuitemingredient", "pk": 2, "fields": {"menu_item": 1, "ingredient": 2, "quantity_required": "4.00"}}, {"model": "menu.menuitemingredient", "pk": 3, "fields": {"menu_item": 1, "ingredient": 3, "quantity_required": "2.00"}}, {"model": "menu.menuitemingredient", "pk": 4, "fields": {"menu_item": 2, "ingredient": 1, "quantity_required": "1.00"}}, {"model": "menu.menuitemingredient", "pk": 5, "fields": {"menu_item": 2, "ingredient": 2, "quantity_required": "4.00"}}, {"model": "menu.menuitemingredient", "pk": 6, "fields": {"menu_item": 2, "ingredient": 3, "quantity_required": "2.00"}}, {"model": "menu.menuitemingredient", "pk": 7, "fields": {"menu_item": 2, "ingredient": 4, "quantity_required": "2.00"}}, {"model": "menu.menuitemingredient", "pk": 8, "fields": {"menu_item": 3, "ingredient": 1, "quantity_required": "1.00"}}, {"model": "menu.menuitemingredient", "pk": 9, "fields": {"menu_item": 3, "ingredient": 2, "quantity_required": "4.00"}}, {"model": "menu.menuitemingredient", "pk": 10, "fields": {"menu_item": 3, "ingredient": 3, "quantity_required": "2.00"}}, {"model": "menu.menuitemingredient", "pk": 11, "fields": {"menu_item": 3, "ingredient": 5, "quantity_required": "2.00"}}, {"model": "menu.menuitemingredient", "pk": 12, "fields": {"menu_item": 4, "ingredient": 1, "quantity_required": "1.00"}}, {"model": "menu.menuitemingredient", "pk": 13, "fields": {"menu_item": 4, "ingredient": 2, "quantity_required": "4.00"}}, {"model": "menu.menuitemingredient", "pk": 14, "fields": {"menu_item": 4, "ingredient": 3, "quantity_required": "2.00"}}, {"model": "menu.menuitemingredient", "pk": 15, "fields": {"menu_item": 4, "ingredient": 7, "quantity_required": "1.00"}}, {"model": "menu.menuitemingredient", "pk": 16, "fields": {"menu_item": 4, "ingredient": 8, "quantity_required": "1.00"}}, {"model": "menu.menuitemingredient", "pk": 17, "fields": {"menu_item": 4, "ingredient": 9, "quantity_required": "1.00"}}, {"model": "menu.menuitemingredient", "pk": 18, "fields": {"menu_item": 4, "ingredient": 10, "quantity_required": "1.00"}}, {"model": "menu.menuitemingredient", "pk": 19, "fields": {"menu_item": 5, "ingredient": 1, "quantity_required": "1.00"}}, {"model": "menu.menuitemingredient", "pk": 20, "fields": {"menu_item": 5, "ingredient": 2, "quantity_required": "4.00"}}, {"model": "menu.menuitemingredient", "pk": 21, "fields": {"menu_item": 5, "ingredient": 3, "quantity_required": "2.00"}}, {"model": "menu.menuitemingredient", "pk": 22, "fields": {"menu_item": 5, "ingredient": 4, "quantity_required": "1.00"}}, {"model": "menu.menuitemingredient", "pk": 23, "fields": {"menu_item": 5, "ingredient": 5, "quantity_required": "1.00"}}, {"model": "menu.menuitemingredient", "pk": 24, "fields": {"menu_item": 5, "ingredient": 6, "quantity_required": "1.00"}}, {"model": "menu.menuitemingredient", "pk": 25, "fields": {"menu_item": 6, "ingredient": 11, "quantity_required": "8.00"}}, {"model": "menu.menuitemingredient", "pk": 26, "fields": {"menu_item": 6, "ingredient": 12, "quantity_required": "2.00"}}]
